isite,site,wildtype,mutant,count,n_countries,frequency
122,452,L,R,2026360,627,0.48406881920375033
148,478,T,K,1959540,565,0.4681064637983956
171,501,N,Y,1212453,854,0.2896379182623249
154,484,E,K,197486,554,0.047176619568720185
87,417,K,T,87611,269,0.020929032017637423
147,477,S,N,65953,256,0.015755241335668364
87,417,K,N,33120,241,0.00791190079355505
109,439,N,K,27995,208,0.0066876105892383336
160,490,F,S,12694,220,0.003032417532409052
164,494,S,P,12147,143,0.0029017469486507606
16,346,R,K,11947,165,0.002853969769945718
154,484,E,Q,10317,132,0.002464585763499621
122,452,L,Q,8647,136,0.0020656463213125156
110,440,N,K,8299,105,0.0019825140303657415
190,520,A,S,6441,113,0.001538664040195896
116,446,G,V,5292,118,0.0012641841485354264
192,522,A,S,4776,130,0.0011409190274764165
147,477,S,I,4698,83,0.00112228592778145
171,501,N,T,4441,101,0.0010608922531454702
192,522,A,V,4354,97,0.0010401091804087767
54,384,P,L,2856,84,0.0006822581119080079
37,367,V,F,2766,108,0.0006607583814907387
37,367,V,L,2662,50,0.0006359142485641166
149,479,P,S,2291,70,0.0005472875820662626
16,346,R,S,2174,78,0.0005193379325238128
97,427,D,N,2111,21,0.0005042881212317243
153,483,V,F,2086,73,0.000498315973893594
27,357,R,K,2049,21,0.0004894771958331611
81,411,A,S,1931,53,0.000461288660397186
52,382,V,L,1678,82,0.00040085052933530715
145,475,A,V,1640,56,0.0003917728653813491
125,455,L,F,1618,70,0.0003865173757237944
18,348,A,S,1438,70,0.0003435179148892561
147,477,S,R,1333,47,0.00031843489606910876
122,452,L,M,1325,58,0.000316523808920907
78,408,R,I,1298,53,0.00031007388979572626
123,453,Y,F,1262,19,0.0003014739976288186
129,459,S,F,1201,38,0.0002869019581237806
24,354,N,K,1146,49,0.00027376323397989395
14,344,A,S,1126,56,0.00026898551610938967
160,490,F,L,1109,60,0.0002649244559194611
164,494,S,L,981,56,0.0002343470615482338
119,449,Y,S,941,19,0.0002247916258072253
110,440,N,S,922,12,0.00022025279383024624
54,384,P,S,913,49,0.00021810282078851934
178,508,Y,H,905,63,0.00021619173364031762
148,478,T,I,862,42,0.0002059196402187335
55,385,T,I,840,70,0.0002006641505611788
46,376,T,I,816,46,0.0001949308891165737
146,476,G,S,812,58,0.00019397534554247285
147,477,S,G,797,35,0.00019039205713959465
141,471,E,Q,777,49,0.00018561433926909038
55,385,T,N,752,44,0.00017964219193096007
22,352,A,S,749,45,0.00017892553425038444
186,516,E,Q,711,46,0.00016984787029642633
84,414,Q,R,704,69,0.00016817566904174985
84,414,Q,H,684,14,0.0001633979511712456
32,362,V,F,649,35,0.00015503694489786313
149,479,P,L,648,40,0.00015479805900433792
130,460,N,S,647,23,0.0001545591731108127
184,514,S,F,634,49,0.00015145365649498494
192,522,A,P,630,32,0.0001504981129208841
148,478,T,R,609,27,0.00014548150915685463
43,373,S,L,608,41,0.00014524262326332942
119,449,Y,H,605,48,0.00014452596558275378
140,470,T,I,604,53,0.00014428707968922857
163,493,Q,E,595,20,0.00014213710664750165
84,414,Q,K,567,41,0.00013544830162879568
120,450,N,K,566,29,0.00013520941573527047
133,463,P,S,539,40,0.00012875949661008974
114,444,K,N,538,56,0.00012852061071656453
173,503,V,I,532,34,0.00012708729535541323
16,346,R,I,509,36,0.00012159291980433334
104,434,I,V,493,36,0.00011777074550792993
97,427,D,V,478,11,0.00011418745710505175
199,529,K,T,475,49,0.0001134707994244761
140,470,T,N,468,32,0.00011179859816979961
8,338,F,L,463,36,0.00011060416870217356
166,496,G,S,452,35,0.0001079764238733962
200,530,S,N,451,46,0.000107737537979871
198,528,K,G,451,46,0.000107737537979871
114,444,K,R,427,34,0.00010200427653526589
89,419,A,S,427,46,0.00010200427653526589
154,484,E,A,426,41,0.00010176539064174067
119,449,Y,N,384,23,9.173218311368174e-05
116,446,G,S,380,42,9.077663953958088e-05
71,401,V,L,375,35,8.958221007195482e-05
151,481,N,K,362,28,8.647669345612705e-05
37,367,V,I,354,28,8.456560630792535e-05
173,503,V,F,353,33,8.432672041440014e-05
73,403,R,K,353,17,8.432672041440014e-05
24,354,N,D,340,26,8.122120379857237e-05
145,475,A,S,335,31,8.002677433094631e-05
26,356,K,R,330,29,7.883234486332024e-05
5,335,L,F,328,27,7.835457307626982e-05
187,517,L,F,324,40,7.739902950216896e-05
196,526,G,T,319,42,7.62046000345429e-05
195,525,C,I,319,42,7.62046000345429e-05
9,339,G,D,315,30,7.524905646044205e-05
29,359,S,N,303,27,7.23824257381395e-05
138,468,I,V,303,34,7.23824257381395e-05
76,406,E,Q,297,26,7.094911037698822e-05
40,370,N,S,294,15,7.023245269641258e-05
105,435,A,S,285,25,6.808247965468567e-05
9,339,G,S,285,39,6.808247965468567e-05
97,427,D,Y,284,39,6.784359376116045e-05
42,372,A,V,274,37,6.545473482590832e-05
97,427,D,G,273,31,6.521584893238311e-05
78,408,R,K,272,23,6.49769630388579e-05
190,520,A,V,268,30,6.402141946475704e-05
80,410,I,V,263,20,6.282698999713098e-05
153,483,V,A,260,31,6.211033231655534e-05
78,408,R,G,260,13,6.211033231655534e-05
43,373,S,P,258,34,6.163256052950491e-05
128,458,K,N,256,33,6.115478874245449e-05
192,522,A,Q,255,37,6.091590284892928e-05
191,521,P,S,255,37,6.091590284892928e-05
144,474,Q,H,243,31,5.8049272126626726e-05
163,493,Q,R,241,19,5.75715003395763e-05
153,483,V,I,238,23,5.685484265900066e-05
48,378,K,N,236,29,5.6377070871950235e-05
100,430,T,I,233,36,5.5660413191374594e-05
96,426,P,S,232,17,5.542152729784938e-05
140,470,T,K,232,12,5.542152729784938e-05
149,479,P,R,232,6,5.542152729784938e-05
115,445,V,A,229,28,5.470486961727374e-05
98,428,D,E,225,3,5.374932604317289e-05
134,464,F,L,222,23,5.303266836259725e-05
22,352,A,V,220,31,5.255489657554683e-05
103,433,V,I,207,25,4.9449379959719063e-05
87,417,K,R,203,16,4.849383638561821e-05
29,359,S,T,197,6,4.706052102446693e-05
169,499,P,S,193,23,4.610497745036608e-05
126,456,F,L,191,19,4.562720566331566e-05
14,344,A,T,186,21,4.443277619568959e-05
37,367,V,A,182,14,4.347723262158874e-05
199,529,K,R,181,11,4.3238346728063526e-05
24,354,N,S,180,24,4.2999460834538315e-05
19,349,S,P,179,29,4.2760574941013103e-05
115,445,V,I,175,20,4.180503136691225e-05
154,484,E,G,174,30,4.1566145473387034e-05
183,513,L,F,172,28,4.108837368633661e-05
97,427,D,H,171,29,4.08494877928114e-05
199,529,K,N,166,29,3.965505832518533e-05
7,337,P,S,158,24,3.774397117698363e-05
41,371,S,T,154,7,3.678842760288278e-05
111,441,L,R,153,4,3.6549541709357566e-05
16,346,R,G,152,17,3.6310655815832355e-05
155,485,G,V,151,22,3.607176992230714e-05
163,493,Q,L,150,20,3.5832884028781925e-05
45,375,S,F,149,18,3.5593998135256714e-05
26,356,K,N,148,17,3.53551122417315e-05
115,445,V,F,141,23,3.368291098705501e-05
11,341,V,I,140,22,3.34440250935298e-05
7,337,P,L,139,20,3.320513920000459e-05
75,405,D,Y,138,28,3.296625330647937e-05
160,490,F,V,133,31,3.177182383885331e-05
72,402,I,V,133,22,3.177182383885331e-05
163,493,Q,K,133,16,3.177182383885331e-05
171,501,N,S,131,20,3.1294052051802886e-05
77,407,V,I,128,15,3.0577394371227246e-05
169,499,P,R,127,22,3.033850847770203e-05
154,484,E,D,126,28,3.009962258417682e-05
18,348,A,T,126,25,3.009962258417682e-05
110,440,N,Y,125,16,2.9860736690651606e-05
40,370,N,K,124,13,2.9621850797126394e-05
85,415,T,N,121,14,2.8905193116550754e-05
26,356,K,E,120,11,2.8666307223025543e-05
83,413,G,R,118,14,2.8188535435975117e-05
16,346,R,T,116,14,2.771076364892469e-05
67,397,A,V,116,11,2.771076364892469e-05
161,491,P,S,115,23,2.7471877755399477e-05
175,505,Y,H,112,16,2.675522007482384e-05
10,340,E,D,110,18,2.6277448287773414e-05
155,485,G,A,109,15,2.60385623942482e-05
141,471,E,G,109,16,2.60385623942482e-05
44,374,F,L,109,20,2.60385623942482e-05
152,482,G,V,109,23,2.60385623942482e-05
24,354,N,T,109,9,2.60385623942482e-05
78,408,R,S,107,12,2.5560790607197774e-05
60,390,L,F,106,20,2.5321904713672563e-05
153,483,V,L,105,21,2.508301882014735e-05
104,434,I,M,104,10,2.4844132926622137e-05
174,504,G,S,104,16,2.4844132926622137e-05
169,499,P,L,103,19,2.4605247033096923e-05
160,490,F,Y,103,14,2.4605247033096923e-05
129,459,S,Y,101,20,2.4127475246046497e-05
64,394,N,S,100,14,2.3888589352521286e-05
155,485,G,R,100,18,2.3888589352521286e-05
191,521,P,L,100,18,2.3888589352521286e-05
24,354,N,H,98,12,2.341081756547086e-05
26,356,K,Q,96,6,2.2933045778420434e-05
128,458,K,R,95,10,2.269415988489522e-05
46,376,T,N,94,11,2.245527399137001e-05
184,514,S,T,92,8,2.1977502204319583e-05
111,441,L,F,91,18,2.173861631079437e-05
114,444,K,M,91,6,2.173861631079437e-05
177,507,P,S,91,21,2.173861631079437e-05
98,428,D,G,90,23,2.1499730417269157e-05
33,363,A,V,90,9,2.1499730417269157e-05
187,517,L,I,86,20,2.0544186843168306e-05
48,378,K,M,86,3,2.0544186843168306e-05
14,344,A,V,85,14,2.030530094964309e-05
15,345,T,S,83,10,1.9827529162592666e-05
42,372,A,P,83,11,1.9827529162592666e-05
135,465,E,D,83,21,1.9827529162592666e-05
118,448,N,S,82,22,1.9588643269067454e-05
43,373,S,A,82,11,1.9588643269067454e-05
149,479,P,H,81,15,1.934975737554224e-05
83,413,G,V,81,24,1.934975737554224e-05
116,446,G,A,80,13,1.911087148201703e-05
152,482,G,S,80,14,1.911087148201703e-05
38,368,L,I,79,15,1.8871985588491814e-05
155,485,G,S,79,15,1.8871985588491814e-05
174,504,G,D,79,21,1.8871985588491814e-05
71,401,V,I,78,17,1.8633099694966603e-05
154,484,E,V,77,21,1.839421380144139e-05
97,427,D,A,74,15,1.767755612086575e-05
138,468,I,T,73,21,1.7438670227340537e-05
168,498,Q,R,71,17,1.696089844029011e-05
3,333,T,I,71,21,1.696089844029011e-05
29,359,S,G,70,21,1.67220125467649e-05
117,447,G,V,69,17,1.6483126653239686e-05
163,493,Q,H,69,18,1.6483126653239686e-05
191,521,P,R,69,11,1.6483126653239686e-05
189,519,H,Y,69,19,1.6483126653239686e-05
171,501,N,I,68,12,1.6244240759714474e-05
85,415,T,A,68,13,1.6244240759714474e-05
10,340,E,A,68,8,1.6244240759714474e-05
156,486,F,L,68,14,1.6244240759714474e-05
169,499,P,H,68,16,1.6244240759714474e-05
146,476,G,A,67,10,1.600535486618926e-05
81,411,A,V,67,16,1.600535486618926e-05
10,340,E,K,67,15,1.600535486618926e-05
164,494,S,A,66,10,1.576646897266405e-05
111,441,L,I,66,13,1.576646897266405e-05
46,376,T,S,66,12,1.576646897266405e-05
141,471,E,D,66,10,1.576646897266405e-05
122,452,L,W,65,17,1.5527583079138834e-05
130,460,N,I,65,13,1.5527583079138834e-05
75,405,D,G,65,19,1.5527583079138834e-05
18,348,A,P,64,5,1.5288697185613623e-05
74,404,G,C,63,8,1.504981129208841e-05
139,469,S,A,63,9,1.504981129208841e-05
199,529,K,E,62,10,1.4810925398563197e-05
188,518,L,I,62,11,1.4810925398563197e-05
21,351,Y,F,61,11,1.4572039505037984e-05
110,440,N,T,61,15,1.4572039505037984e-05
1,331,N,T,60,9,1.4333153611512772e-05
120,450,N,D,60,22,1.4333153611512772e-05
32,362,V,L,60,3,1.4333153611512772e-05
130,460,N,K,60,11,1.4333153611512772e-05
151,481,N,S,60,11,1.4333153611512772e-05
152,482,G,D,59,13,1.4094267717987559e-05
18,348,A,V,58,14,1.3855381824462346e-05
193,523,T,S,57,12,1.3616495930937133e-05
142,472,I,V,56,20,1.337761003741192e-05
173,503,V,A,56,12,1.337761003741192e-05
142,472,I,T,55,14,1.3138724143886707e-05
155,485,G,D,55,5,1.3138724143886707e-05
193,523,T,N,55,15,1.3138724143886707e-05
178,508,Y,C,54,5,1.2899838250361494e-05
7,337,P,T,54,12,1.2899838250361494e-05
147,477,S,T,53,15,1.2660952356836282e-05
9,339,G,C,52,13,1.2422066463311069e-05
98,428,D,Y,51,16,1.2183180569785856e-05
90,420,D,N,51,12,1.2183180569785856e-05
166,496,G,V,50,15,1.1944294676260643e-05
193,523,T,I,50,16,1.1944294676260643e-05
1,331,N,S,50,7,1.1944294676260643e-05
190,520,A,T,50,12,1.1944294676260643e-05
83,413,G,W,50,15,1.1944294676260643e-05
64,394,N,Y,50,6,1.1944294676260643e-05
121,451,Y,H,49,12,1.170540878273543e-05
174,504,G,N,49,8,1.170540878273543e-05
114,444,K,T,48,7,1.1466522889210217e-05
47,377,F,L,47,9,1.1227636995685004e-05
145,475,A,T,47,10,1.1227636995685004e-05
81,411,A,T,47,17,1.1227636995685004e-05
84,414,Q,L,46,9,1.0988751102159792e-05
40,370,N,H,46,1,1.0988751102159792e-05
76,406,E,D,46,15,1.0988751102159792e-05
51,381,G,R,46,12,1.0988751102159792e-05
132,462,K,Q,45,2,1.0749865208634579e-05
151,481,N,D,45,5,1.0749865208634579e-05
29,359,S,R,45,8,1.0749865208634579e-05
12,342,F,L,45,9,1.0749865208634579e-05
88,418,I,V,45,8,1.0749865208634579e-05
63,393,T,I,44,11,1.0510979315109366e-05
45,375,S,P,44,13,1.0510979315109366e-05
171,501,N,H,44,11,1.0510979315109366e-05
1,331,N,H,43,8,1.0272093421584153e-05
196,526,G,S,43,6,1.0272093421584153e-05
28,358,I,V,43,13,1.0272093421584153e-05
4,334,N,K,42,12,1.003320752805894e-05
25,355,R,S,42,6,1.003320752805894e-05
54,384,P,R,41,6,9.794321634533727e-06
65,395,V,L,41,8,9.794321634533727e-06
136,466,R,I,41,13,9.794321634533727e-06
117,447,G,S,41,16,9.794321634533727e-06
116,446,G,D,40,14,9.555435741008514e-06
58,388,N,D,40,3,9.555435741008514e-06
194,524,V,I,40,11,9.555435741008514e-06
39,369,Y,H,39,9,9.316549847483301e-06
2,332,I,V,39,9,9.316549847483301e-06
5,335,L,V,39,8,9.316549847483301e-06
26,356,K,M,39,11,9.316549847483301e-06
9,339,G,V,39,8,9.316549847483301e-06
50,380,Y,F,38,8,9.077663953958089e-06
59,389,D,E,38,12,9.077663953958089e-06
170,500,T,S,38,7,9.077663953958089e-06
159,489,Y,H,38,14,9.077663953958089e-06
180,510,V,L,37,13,8.838778060432876e-06
59,389,D,G,37,12,8.838778060432876e-06
42,372,A,T,37,16,8.838778060432876e-06
104,434,I,T,36,11,8.599892166907663e-06
193,523,T,A,36,10,8.599892166907663e-06
168,498,Q,K,36,13,8.599892166907663e-06
135,465,E,G,36,14,8.599892166907663e-06
140,470,T,A,35,7,8.36100627338245e-06
198,528,K,I,35,5,8.36100627338245e-06
182,512,V,I,35,13,8.36100627338245e-06
118,448,N,T,34,10,8.122120379857237e-06
131,461,L,I,34,6,8.122120379857237e-06
198,528,K,R,34,8,8.122120379857237e-06
41,371,S,P,33,11,7.883234486332024e-06
160,490,F,I,32,15,7.644348592806811e-06
45,375,S,T,32,7,7.644348592806811e-06
183,513,L,I,32,14,7.644348592806811e-06
181,511,V,L,32,10,7.644348592806811e-06
177,507,P,A,31,4,7.405462699281599e-06
7,337,P,H,31,12,7.405462699281599e-06
75,405,D,N,31,10,7.405462699281599e-06
169,499,P,T,31,6,7.405462699281599e-06
48,378,K,R,31,14,7.405462699281599e-06
97,427,D,E,31,5,7.405462699281599e-06
42,372,A,S,30,8,7.166576805756386e-06
181,511,V,I,30,8,7.166576805756386e-06
32,362,V,I,30,10,7.166576805756386e-06
39,369,Y,F,30,3,7.166576805756386e-06
4,334,N,Y,29,6,6.927690912231173e-06
65,395,V,F,29,9,6.927690912231173e-06
152,482,G,R,29,10,6.927690912231173e-06
119,449,Y,D,29,3,6.927690912231173e-06
118,448,N,K,28,8,6.68880501870596e-06
143,473,Y,F,28,6,6.68880501870596e-06
31,361,C,T,28,9,6.68880501870596e-06
41,371,S,F,28,11,6.68880501870596e-06
146,476,G,D,28,10,6.68880501870596e-06
41,371,S,A,28,8,6.68880501870596e-06
156,486,F,S,27,11,6.449919125180747e-06
191,521,P,T,27,13,6.449919125180747e-06
75,405,D,E,27,9,6.449919125180747e-06
2,332,I,T,27,4,6.449919125180747e-06
105,435,A,T,27,7,6.449919125180747e-06
64,394,N,T,27,6,6.449919125180747e-06
127,457,R,S,27,12,6.449919125180747e-06
135,465,E,A,27,4,6.449919125180747e-06
142,472,I,L,26,8,6.211033231655534e-06
83,413,G,E,26,10,6.211033231655534e-06
113,443,S,A,26,8,6.211033231655534e-06
27,357,R,I,25,13,5.9721473381303215e-06
67,397,A,S,25,10,5.9721473381303215e-06
141,471,E,V,25,9,5.9721473381303215e-06
130,460,N,T,25,6,5.9721473381303215e-06
40,370,N,D,25,3,5.9721473381303215e-06
199,529,K,M,24,11,5.733261444605109e-06
85,415,T,I,24,9,5.733261444605109e-06
189,519,H,Q,24,13,5.733261444605109e-06
130,460,N,Y,23,10,5.494375551079896e-06
113,443,S,F,23,6,5.494375551079896e-06
144,474,Q,E,23,6,5.494375551079896e-06
141,471,E,K,23,11,5.494375551079896e-06
185,515,F,L,23,13,5.494375551079896e-06
173,503,V,L,22,11,5.255489657554683e-06
3,333,T,K,22,10,5.255489657554683e-06
89,419,A,V,22,9,5.255489657554683e-06
10,340,E,G,22,7,5.255489657554683e-06
141,471,E,A,22,8,5.255489657554683e-06
153,483,V,G,22,6,5.255489657554683e-06
78,408,R,T,22,8,5.255489657554683e-06
21,351,Y,H,22,8,5.255489657554683e-06
106,436,W,L,22,6,5.255489657554683e-06
29,359,S,I,22,5,5.255489657554683e-06
168,498,Q,H,21,3,5.01660376402947e-06
64,394,N,D,21,3,5.01660376402947e-06
59,389,D,N,21,11,5.01660376402947e-06
184,514,S,Y,20,5,4.777717870504257e-06
118,448,N,D,20,10,4.777717870504257e-06
192,522,A,T,20,9,4.777717870504257e-06
190,520,A,P,20,6,4.777717870504257e-06
90,420,D,Y,20,9,4.777717870504257e-06
151,481,N,I,20,8,4.777717870504257e-06
104,434,I,L,20,6,4.777717870504257e-06
65,395,V,I,20,8,4.777717870504257e-06
164,494,S,T,19,10,4.538831976979044e-06
110,440,N,D,19,11,4.538831976979044e-06
163,493,Q,P,19,2,4.538831976979044e-06
89,419,A,T,19,6,4.538831976979044e-06
143,473,Y,H,19,4,4.538831976979044e-06
39,369,Y,C,19,9,4.538831976979044e-06
72,402,I,L,19,5,4.538831976979044e-06
85,415,T,S,19,9,4.538831976979044e-06
22,352,A,D,19,5,4.538831976979044e-06
34,364,D,N,18,5,4.2999460834538315e-06
139,469,S,L,18,7,4.2999460834538315e-06
10,340,E,Q,18,7,4.2999460834538315e-06
129,459,S,P,18,6,4.2999460834538315e-06
146,476,G,V,18,8,4.2999460834538315e-06
128,458,K,E,18,4,4.2999460834538315e-06
154,484,E,R,18,6,4.2999460834538315e-06
144,474,Q,R,18,7,4.2999460834538315e-06
170,500,T,A,18,7,4.2999460834538315e-06
73,403,R,I,17,8,4.061060189928619e-06
54,384,P,H,17,6,4.061060189928619e-06
7,337,P,R,17,4,4.061060189928619e-06
149,479,P,T,17,7,4.061060189928619e-06
30,360,N,S,17,6,4.061060189928619e-06
116,446,G,R,17,7,4.061060189928619e-06
188,518,L,P,17,9,4.061060189928619e-06
22,352,A,T,17,6,4.061060189928619e-06
199,529,K,Q,17,2,4.061060189928619e-06
5,335,L,S,17,8,4.061060189928619e-06
67,397,A,T,17,5,4.061060189928619e-06
87,417,K,E,17,5,4.061060189928619e-06
45,375,S,A,16,10,3.822174296403406e-06
125,455,L,S,16,6,3.822174296403406e-06
3,333,T,A,16,8,3.822174296403406e-06
174,504,G,V,16,7,3.822174296403406e-06
54,384,P,A,16,7,3.822174296403406e-06
151,481,N,Y,16,9,3.822174296403406e-06
136,466,R,K,16,4,3.822174296403406e-06
200,530,S,A,15,4,3.583288402878193e-06
90,420,D,A,15,6,3.583288402878193e-06
64,394,N,I,15,6,3.583288402878193e-06
66,396,Y,F,15,5,3.583288402878193e-06
53,383,S,F,15,8,3.583288402878193e-06
20,350,V,I,15,4,3.583288402878193e-06
23,353,W,F,15,5,3.583288402878193e-06
33,363,A,S,14,9,3.34440250935298e-06
128,458,K,T,14,6,3.34440250935298e-06
196,526,G,A,14,3,3.34440250935298e-06
132,462,K,E,14,7,3.34440250935298e-06
24,354,N,Y,14,6,3.34440250935298e-06
132,462,K,R,14,8,3.34440250935298e-06
58,388,N,S,14,6,3.34440250935298e-06
201,531,T,R,14,3,3.34440250935298e-06
87,417,K,M,14,5,3.34440250935298e-06
187,517,L,H,14,6,3.34440250935298e-06
112,442,D,V,13,2,3.105516615827767e-06
4,334,N,H,13,3,3.105516615827767e-06
180,510,V,I,13,6,3.105516615827767e-06
1,331,N,Y,13,2,3.105516615827767e-06
4,334,N,S,13,6,3.105516615827767e-06
186,516,E,G,13,4,3.105516615827767e-06
161,491,P,L,13,5,3.105516615827767e-06
148,478,T,A,13,4,3.105516615827767e-06
176,506,Q,K,13,2,3.105516615827767e-06
117,447,G,D,13,6,3.105516615827767e-06
192,522,A,G,13,6,3.105516615827767e-06
98,428,D,H,13,6,3.105516615827767e-06
30,360,N,Y,13,7,3.105516615827767e-06
165,495,Y,H,13,6,3.105516615827767e-06
26,356,K,T,13,6,3.105516615827767e-06
123,453,Y,H,13,8,3.105516615827767e-06
133,463,P,L,12,6,2.8666307223025543e-06
100,430,T,A,12,7,2.8666307223025543e-06
201,531,T,S,12,9,2.8666307223025543e-06
144,474,Q,K,12,4,2.8666307223025543e-06
98,428,D,V,12,5,2.8666307223025543e-06
132,462,K,I,12,4,2.8666307223025543e-06
64,394,N,H,12,1,2.8666307223025543e-06
142,472,I,F,12,3,2.8666307223025543e-06
12,342,F,I,12,1,2.8666307223025543e-06
200,530,S,P,12,10,2.8666307223025543e-06
138,468,I,F,12,8,2.8666307223025543e-06
98,428,D,A,12,7,2.8666307223025543e-06
59,389,D,H,12,4,2.8666307223025543e-06
75,405,D,H,12,8,2.8666307223025543e-06
130,460,N,D,11,5,2.6277448287773414e-06
73,403,R,G,11,5,2.6277448287773414e-06
73,403,R,T,11,4,2.6277448287773414e-06
36,366,S,F,11,7,2.6277448287773414e-06
175,505,Y,W,11,1,2.6277448287773414e-06
45,375,S,Y,11,4,2.6277448287773414e-06
75,405,D,A,11,5,2.6277448287773414e-06
8,338,F,Y,11,2,2.6277448287773414e-06
83,413,G,A,11,5,2.6277448287773414e-06
74,404,G,S,11,7,2.6277448287773414e-06
19,349,S,A,11,4,2.6277448287773414e-06
55,385,T,A,11,7,2.6277448287773414e-06
73,403,R,S,11,8,2.6277448287773414e-06
166,496,G,R,11,5,2.6277448287773414e-06
189,519,H,P,11,7,2.6277448287773414e-06
186,516,E,K,10,4,2.3888589352521286e-06
193,523,T,G,10,1,2.3888589352521286e-06
110,440,N,I,10,5,2.3888589352521286e-06
192,522,A,E,10,5,2.3888589352521286e-06
28,358,I,L,10,4,2.3888589352521286e-06
65,395,V,A,10,5,2.3888589352521286e-06
18,348,A,E,10,6,2.3888589352521286e-06
119,449,Y,F,10,4,2.3888589352521286e-06
140,470,T,S,10,6,2.3888589352521286e-06
14,344,A,D,10,5,2.3888589352521286e-06
189,519,H,R,10,5,2.3888589352521286e-06
128,458,K,Q,10,5,2.3888589352521286e-06
129,459,S,A,10,1,2.3888589352521286e-06
112,442,D,Y,10,4,2.3888589352521286e-06
171,501,N,K,10,6,2.3888589352521286e-06
156,486,F,I,10,4,2.3888589352521286e-06
95,425,L,V,10,5,2.3888589352521286e-06
167,497,F,S,9,4,2.1499730417269157e-06
63,393,T,S,9,2,2.1499730417269157e-06
107,437,N,S,9,6,2.1499730417269157e-06
94,424,K,N,9,3,2.1499730417269157e-06
191,521,P,Q,9,7,2.1499730417269157e-06
114,444,K,E,9,5,2.1499730417269157e-06
91,421,Y,F,9,4,2.1499730417269157e-06
201,531,T,N,9,6,2.1499730417269157e-06
170,500,T,I,9,4,2.1499730417269157e-06
175,505,Y,F,9,2,2.1499730417269157e-06
200,530,S,T,9,4,2.1499730417269157e-06
198,528,K,S,9,7,2.1499730417269157e-06
138,468,I,L,9,6,2.1499730417269157e-06
124,454,R,K,9,2,2.1499730417269157e-06
46,376,T,A,9,6,2.1499730417269157e-06
62,392,F,L,9,3,2.1499730417269157e-06
44,374,F,Y,9,4,2.1499730417269157e-06
127,457,R,M,9,6,2.1499730417269157e-06
109,439,N,I,9,2,2.1499730417269157e-06
79,409,Q,K,9,5,2.1499730417269157e-06
197,527,P,S,9,3,2.1499730417269157e-06
74,404,G,A,9,3,2.1499730417269157e-06
62,392,F,S,8,3,1.911087148201703e-06
132,462,K,T,8,2,1.911087148201703e-06
60,390,L,I,8,5,1.911087148201703e-06
59,389,D,Y,8,5,1.911087148201703e-06
187,517,L,P,8,5,1.911087148201703e-06
66,396,Y,H,8,5,1.911087148201703e-06
80,410,I,T,8,2,1.911087148201703e-06
20,350,V,A,8,5,1.911087148201703e-06
108,438,S,A,8,2,1.911087148201703e-06
190,520,A,E,8,7,1.911087148201703e-06
82,412,P,L,8,4,1.911087148201703e-06
77,407,V,A,8,4,1.911087148201703e-06
74,404,G,V,8,6,1.911087148201703e-06
112,442,D,F,7,1,1.67220125467649e-06
38,368,L,P,7,6,1.67220125467649e-06
36,366,S,Y,7,6,1.67220125467649e-06
151,481,N,T,7,3,1.67220125467649e-06
127,457,R,K,7,5,1.67220125467649e-06
77,407,V,L,7,4,1.67220125467649e-06
106,436,W,C,7,4,1.67220125467649e-06
106,436,W,F,7,5,1.67220125467649e-06
189,519,H,L,7,5,1.67220125467649e-06
128,458,K,M,7,5,1.67220125467649e-06
90,420,D,G,7,5,1.67220125467649e-06
120,450,N,S,7,5,1.67220125467649e-06
197,527,P,T,7,3,1.67220125467649e-06
39,369,Y,S,6,2,1.4333153611512772e-06
10,340,E,V,6,4,1.4333153611512772e-06
198,528,K,Q,6,2,1.4333153611512772e-06
184,514,S,A,6,3,1.4333153611512772e-06
42,372,A,E,6,3,1.4333153611512772e-06
33,363,A,T,6,3,1.4333153611512772e-06
13,343,N,Y,6,2,1.4333153611512772e-06
187,517,L,V,6,5,1.4333153611512772e-06
125,455,L,M,6,3,1.4333153611512772e-06
17,347,F,L,6,4,1.4333153611512772e-06
188,518,L,Q,6,3,1.4333153611512772e-06
118,448,N,I,6,3,1.4333153611512772e-06
122,452,L,V,6,4,1.4333153611512772e-06
34,364,D,Y,6,4,1.4333153611512772e-06
28,358,I,T,6,3,1.4333153611512772e-06
118,448,N,Y,6,3,1.4333153611512772e-06
114,444,K,L,6,1,1.4333153611512772e-06
114,444,K,F,6,1,1.4333153611512772e-06
173,503,V,D,6,2,1.4333153611512772e-06
85,415,T,P,6,2,1.4333153611512772e-06
63,393,T,A,6,3,1.4333153611512772e-06
177,507,P,L,6,5,1.4333153611512772e-06
110,440,N,E,6,1,1.4333153611512772e-06
111,441,L,P,6,2,1.4333153611512772e-06
79,409,Q,L,6,5,1.4333153611512772e-06
79,409,Q,H,6,5,1.4333153611512772e-06
174,504,G,C,6,4,1.4333153611512772e-06
172,502,G,E,6,2,1.4333153611512772e-06
74,404,G,R,6,4,1.4333153611512772e-06
62,392,F,V,6,2,1.4333153611512772e-06
162,492,L,F,6,3,1.4333153611512772e-06
52,382,V,A,6,3,1.4333153611512772e-06
52,382,V,M,6,4,1.4333153611512772e-06
164,494,S,R,5,1,1.1944294676260643e-06
100,430,T,S,5,3,1.1944294676260643e-06
23,353,W,C,5,1,1.1944294676260643e-06
189,519,H,D,5,4,1.1944294676260643e-06
198,528,K,E,5,4,1.1944294676260643e-06
173,503,V,G,5,5,1.1944294676260643e-06
69,399,S,A,5,2,1.1944294676260643e-06
23,353,W,Y,5,3,1.1944294676260643e-06
24,354,N,I,5,1,1.1944294676260643e-06
30,360,N,K,5,2,1.1944294676260643e-06
72,402,I,T,5,4,1.1944294676260643e-06
173,503,V,C,5,4,1.1944294676260643e-06
197,527,P,L,5,4,1.1944294676260643e-06
190,520,A,L,5,2,1.1944294676260643e-06
189,519,H,A,5,2,1.1944294676260643e-06
18,348,A,G,5,4,1.1944294676260643e-06
120,450,N,Y,5,3,1.1944294676260643e-06
28,358,I,F,5,3,1.1944294676260643e-06
75,405,D,V,5,3,1.1944294676260643e-06
151,481,N,H,5,3,1.1944294676260643e-06
105,435,A,V,5,4,1.1944294676260643e-06
112,442,D,E,5,5,1.1944294676260643e-06
96,426,P,L,5,1,1.1944294676260643e-06
142,472,I,M,5,5,1.1944294676260643e-06
44,374,F,S,5,3,1.1944294676260643e-06
186,516,E,V,5,4,1.1944294676260643e-06
115,445,V,D,5,3,1.1944294676260643e-06
54,384,P,T,5,5,1.1944294676260643e-06
36,366,S,A,5,4,1.1944294676260643e-06
40,370,N,T,5,4,1.1944294676260643e-06
138,468,I,M,5,4,1.1944294676260643e-06
117,447,G,C,5,4,1.1944294676260643e-06
11,341,V,F,5,4,1.1944294676260643e-06
37,367,V,G,5,4,1.1944294676260643e-06
36,366,S,T,5,3,1.1944294676260643e-06
80,410,I,L,5,2,1.1944294676260643e-06
36,366,S,P,5,2,1.1944294676260643e-06
159,489,Y,C,5,3,1.1944294676260643e-06
117,447,G,F,5,3,1.1944294676260643e-06
4,334,N,T,4,1,9.555435741008514e-07
166,496,G,D,4,3,9.555435741008514e-07
172,502,G,C,4,4,9.555435741008514e-07
19,349,S,F,4,4,9.555435741008514e-07
4,334,N,D,4,4,9.555435741008514e-07
168,498,Q,L,4,3,9.555435741008514e-07
123,453,Y,S,4,2,9.555435741008514e-07
171,501,N,F,4,3,9.555435741008514e-07
8,338,F,I,4,3,9.555435741008514e-07
194,524,V,A,4,3,9.555435741008514e-07
147,477,S,K,4,2,9.555435741008514e-07
82,412,P,Q,4,2,9.555435741008514e-07
172,502,G,S,4,3,9.555435741008514e-07
77,407,V,F,4,3,9.555435741008514e-07
182,512,V,L,4,4,9.555435741008514e-07
134,464,F,S,4,1,9.555435741008514e-07
22,352,A,G,4,1,9.555435741008514e-07
189,519,H,N,4,2,9.555435741008514e-07
183,513,L,P,4,3,9.555435741008514e-07
157,487,N,D,4,3,9.555435741008514e-07
181,511,V,A,4,3,9.555435741008514e-07
133,463,P,F,4,4,9.555435741008514e-07
115,445,V,G,4,3,9.555435741008514e-07
41,371,S,Y,4,4,9.555435741008514e-07
111,441,L,V,4,1,9.555435741008514e-07
179,509,R,S,4,2,9.555435741008514e-07
56,386,K,R,4,2,9.555435741008514e-07
188,518,L,V,4,4,9.555435741008514e-07
118,448,N,G,4,1,9.555435741008514e-07
155,485,G,C,4,3,9.555435741008514e-07
23,353,W,R,4,2,9.555435741008514e-07
150,480,C,S,4,2,9.555435741008514e-07
69,399,S,P,4,4,9.555435741008514e-07
71,401,V,A,4,2,9.555435741008514e-07
27,357,R,T,4,3,9.555435741008514e-07
162,492,L,S,4,3,9.555435741008514e-07
30,360,N,T,4,1,9.555435741008514e-07
34,364,D,G,4,4,9.555435741008514e-07
113,443,S,Y,4,1,9.555435741008514e-07
161,491,P,T,4,4,9.555435741008514e-07
119,449,Y,V,4,2,9.555435741008514e-07
70,400,F,L,4,3,9.555435741008514e-07
139,469,S,T,3,2,7.166576805756386e-07
133,463,P,H,3,3,7.166576805756386e-07
131,461,L,F,3,2,7.166576805756386e-07
133,463,P,A,3,3,7.166576805756386e-07
146,476,G,C,3,3,7.166576805756386e-07
132,462,K,N,3,3,7.166576805756386e-07
136,466,R,S,3,2,7.166576805756386e-07
145,475,A,P,3,2,7.166576805756386e-07
140,470,T,P,3,3,7.166576805756386e-07
1,331,N,D,3,3,7.166576805756386e-07
130,460,N,H,3,3,7.166576805756386e-07
91,421,Y,H,3,3,7.166576805756386e-07
87,417,K,Q,3,1,7.166576805756386e-07
87,417,K,A,3,2,7.166576805756386e-07
170,500,T,P,3,3,7.166576805756386e-07
83,413,G,C,3,1,7.166576805756386e-07
82,412,P,T,3,2,7.166576805756386e-07
81,411,A,P,3,3,7.166576805756386e-07
152,482,G,C,3,1,7.166576805756386e-07
174,504,G,L,3,3,7.166576805756386e-07
63,393,T,N,3,3,7.166576805756386e-07
62,392,F,A,3,2,7.166576805756386e-07
51,381,G,E,3,3,7.166576805756386e-07
182,512,V,F,3,1,7.166576805756386e-07
50,380,Y,H,3,2,7.166576805756386e-07
48,378,K,Q,3,3,7.166576805756386e-07
44,374,F,V,3,3,7.166576805756386e-07
42,372,A,L,3,2,7.166576805756386e-07
42,372,A,G,3,3,7.166576805756386e-07
37,367,V,H,3,2,7.166576805756386e-07
35,365,Y,H,3,2,7.166576805756386e-07
35,365,Y,C,3,3,7.166576805756386e-07
30,360,N,D,3,1,7.166576805756386e-07
27,357,R,G,3,3,7.166576805756386e-07
192,522,A,L,3,2,7.166576805756386e-07
23,353,W,S,3,2,7.166576805756386e-07
195,525,C,F,3,3,7.166576805756386e-07
15,345,T,I,3,3,7.166576805756386e-07
14,344,A,G,3,3,7.166576805756386e-07
198,528,K,T,3,2,7.166576805756386e-07
199,529,K,S,3,2,7.166576805756386e-07
91,421,Y,C,3,1,7.166576805756386e-07
172,502,G,V,3,3,7.166576805756386e-07
166,496,G,C,3,3,7.166576805756386e-07
125,455,L,V,3,1,7.166576805756386e-07
157,487,N,K,3,3,7.166576805756386e-07
113,443,S,C,3,1,7.166576805756386e-07
156,486,F,Y,3,1,7.166576805756386e-07
160,490,F,R,3,3,7.166576805756386e-07
114,444,K,I,3,1,7.166576805756386e-07
110,440,N,F,3,2,7.166576805756386e-07
115,445,V,L,3,2,7.166576805756386e-07
108,438,S,T,3,2,7.166576805756386e-07
111,441,L,Y,3,1,7.166576805756386e-07
124,454,R,I,3,2,7.166576805756386e-07
158,488,C,F,3,2,7.166576805756386e-07
96,426,P,T,3,3,7.166576805756386e-07
163,493,Q,T,3,2,7.166576805756386e-07
103,433,V,A,3,3,7.166576805756386e-07
102,432,C,F,3,3,7.166576805756386e-07
125,455,L,W,3,1,7.166576805756386e-07
126,456,F,V,3,3,7.166576805756386e-07
103,433,V,L,3,2,7.166576805756386e-07
99,429,F,L,3,3,7.166576805756386e-07
197,527,P,Q,2,1,4.777717870504257e-07
157,487,N,T,2,1,4.777717870504257e-07
186,516,E,A,2,2,4.777717870504257e-07
200,530,S,Y,2,2,4.777717870504257e-07
157,487,N,I,2,2,4.777717870504257e-07
152,482,G,N,2,1,4.777717870504257e-07
200,530,S,F,2,2,4.777717870504257e-07
156,486,F,V,2,2,4.777717870504257e-07
155,485,G,T,2,2,4.777717870504257e-07
155,485,G,F,2,1,4.777717870504257e-07
154,484,E,T,2,1,4.777717870504257e-07
193,523,T,P,2,2,4.777717870504257e-07
179,509,R,I,2,1,4.777717870504257e-07
159,489,Y,S,2,2,4.777717870504257e-07
180,510,V,E,2,2,4.777717870504257e-07
150,480,C,F,2,1,4.777717870504257e-07
165,495,Y,S,2,2,4.777717870504257e-07
170,500,T,F,2,2,4.777717870504257e-07
170,500,T,N,2,2,4.777717870504257e-07
165,495,Y,F,2,2,4.777717870504257e-07
172,502,G,N,2,2,4.777717870504257e-07
172,502,G,R,2,2,4.777717870504257e-07
148,478,T,S,2,2,4.777717870504257e-07
173,503,V,S,2,1,4.777717870504257e-07
173,503,V,T,2,1,4.777717870504257e-07
173,503,V,Y,2,2,4.777717870504257e-07
174,504,G,E,2,2,4.777717870504257e-07
174,504,G,Q,2,2,4.777717870504257e-07
174,504,G,Y,2,2,4.777717870504257e-07
175,505,Y,N,2,2,4.777717870504257e-07
176,506,Q,R,2,2,4.777717870504257e-07
177,507,P,T,2,2,4.777717870504257e-07
178,508,Y,F,2,2,4.777717870504257e-07
150,480,C,R,2,1,4.777717870504257e-07
179,509,R,K,2,2,4.777717870504257e-07
179,509,R,T,2,2,4.777717870504257e-07
172,502,G,D,2,2,4.777717870504257e-07
111,441,L,M,2,1,4.777717870504257e-07
74,404,G,F,2,2,4.777717870504257e-07
107,437,N,I,2,2,4.777717870504257e-07
95,425,L,S,2,2,4.777717870504257e-07
38,368,L,Q,2,1,4.777717870504257e-07
36,366,S,L,2,1,4.777717870504257e-07
35,365,Y,S,2,1,4.777717870504257e-07
35,365,Y,E,2,2,4.777717870504257e-07
101,431,G,R,2,2,4.777717870504257e-07
101,431,G,V,2,1,4.777717870504257e-07
103,433,V,F,2,2,4.777717870504257e-07
34,364,D,V,2,1,4.777717870504257e-07
34,364,D,A,2,2,4.777717870504257e-07
106,436,W,G,2,1,4.777717870504257e-07
106,436,W,R,2,1,4.777717870504257e-07
106,436,W,Y,2,2,4.777717870504257e-07
108,438,S,Y,2,2,4.777717870504257e-07
21,351,Y,C,2,2,4.777717870504257e-07
109,439,N,D,2,1,4.777717870504257e-07
32,362,V,A,2,1,4.777717870504257e-07
109,439,N,S,2,2,4.777717870504257e-07
109,439,N,T,2,2,4.777717870504257e-07
109,439,N,Y,2,2,4.777717870504257e-07
110,440,N,H,2,1,4.777717870504257e-07
111,441,L,H,2,1,4.777717870504257e-07
27,357,R,S,2,1,4.777717870504257e-07
26,356,K,Y,2,1,4.777717870504257e-07
112,442,D,I,2,1,4.777717870504257e-07
25,355,R,G,2,2,4.777717870504257e-07
23,353,W,L,2,2,4.777717870504257e-07
113,443,S,L,2,1,4.777717870504257e-07
40,370,N,I,2,1,4.777717870504257e-07
92,422,N,I,2,1,4.777717870504257e-07
90,420,D,V,2,2,4.777717870504257e-07
90,420,D,H,2,2,4.777717870504257e-07
62,392,F,Y,2,2,4.777717870504257e-07
64,394,N,K,2,2,4.777717870504257e-07
60,390,L,P,2,2,4.777717870504257e-07
67,397,A,E,2,2,4.777717870504257e-07
67,397,A,L,2,2,4.777717870504257e-07
59,389,D,V,2,2,4.777717870504257e-07
69,399,S,L,2,1,4.777717870504257e-07
59,389,D,T,2,1,4.777717870504257e-07
72,402,I,N,2,2,4.777717870504257e-07
58,388,N,I,2,2,4.777717870504257e-07
74,404,G,D,2,2,4.777717870504257e-07
55,385,T,S,2,2,4.777717870504257e-07
53,383,S,Y,2,2,4.777717870504257e-07
53,383,S,P,2,2,4.777717870504257e-07
76,406,E,G,2,1,4.777717870504257e-07
53,383,S,A,2,1,4.777717870504257e-07
52,382,V,E,2,2,4.777717870504257e-07
79,409,Q,E,2,2,4.777717870504257e-07
51,381,G,A,2,2,4.777717870504257e-07
50,380,Y,N,2,2,4.777717870504257e-07
81,411,A,G,2,1,4.777717870504257e-07
49,379,C,F,2,2,4.777717870504257e-07
83,413,G,S,2,1,4.777717870504257e-07
48,378,K,E,2,2,4.777717870504257e-07
86,416,G,R,2,1,4.777717870504257e-07
88,418,I,T,2,2,4.777717870504257e-07
90,420,D,E,2,2,4.777717870504257e-07
21,351,Y,D,2,2,4.777717870504257e-07
108,438,S,F,2,2,4.777717870504257e-07
62,392,F,C,2,2,4.777717870504257e-07
116,446,G,T,2,1,4.777717870504257e-07
121,451,Y,D,2,1,4.777717870504257e-07
15,345,T,A,2,2,4.777717870504257e-07
17,347,F,S,2,2,4.777717870504257e-07
122,452,L,P,2,2,4.777717870504257e-07
126,456,F,Y,2,1,4.777717870504257e-07
118,448,N,H,2,2,4.777717870504257e-07
3,333,T,S,2,2,4.777717870504257e-07
11,341,V,A,2,2,4.777717870504257e-07
12,342,F,C,2,2,4.777717870504257e-07
8,338,F,S,2,1,4.777717870504257e-07
9,339,G,F,2,2,4.777717870504257e-07
133,463,P,T,2,2,4.777717870504257e-07
114,444,K,Y,2,1,4.777717870504257e-07
127,457,R,T,2,2,4.777717870504257e-07
133,463,P,R,2,1,4.777717870504257e-07
123,453,Y,C,2,2,4.777717870504257e-07
120,450,N,I,2,1,4.777717870504257e-07
181,511,V,G,1,1,2.3888589352521286e-07
199,529,K,C,1,1,2.3888589352521286e-07
50,380,Y,S,1,1,2.3888589352521286e-07
10,340,E,I,1,1,2.3888589352521286e-07
181,511,V,E,1,1,2.3888589352521286e-07
182,512,V,A,1,1,2.3888589352521286e-07
49,379,C,S,1,1,2.3888589352521286e-07
50,380,Y,C,1,1,2.3888589352521286e-07
49,379,C,Y,1,1,2.3888589352521286e-07
11,341,V,G,1,1,2.3888589352521286e-07
49,379,C,W,1,1,2.3888589352521286e-07
49,379,C,R,1,1,2.3888589352521286e-07
183,513,L,V,1,1,2.3888589352521286e-07
11,341,V,L,1,1,2.3888589352521286e-07
184,514,S,C,1,1,2.3888589352521286e-07
12,342,F,V,1,1,2.3888589352521286e-07
47,377,F,S,1,1,2.3888589352521286e-07
47,377,F,I,1,1,2.3888589352521286e-07
46,376,T,R,1,1,2.3888589352521286e-07
199,529,K,I,1,1,2.3888589352521286e-07
180,510,V,G,1,1,2.3888589352521286e-07
52,382,V,F,1,1,2.3888589352521286e-07
9,339,G,N,1,1,2.3888589352521286e-07
176,506,Q,H,1,1,2.3888589352521286e-07
1,331,N,I,1,1,2.3888589352521286e-07
60,390,L,V,1,1,2.3888589352521286e-07
176,506,Q,P,1,1,2.3888589352521286e-07
1,331,N,K,1,1,2.3888589352521286e-07
2,332,I,A,1,1,2.3888589352521286e-07
2,332,I,N,1,1,2.3888589352521286e-07
200,530,S,V,1,1,2.3888589352521286e-07
60,390,L,H,1,1,2.3888589352521286e-07
177,507,P,K,1,1,2.3888589352521286e-07
3,333,T,R,1,1,2.3888589352521286e-07
177,507,P,Q,1,1,2.3888589352521286e-07
4,334,N,I,1,1,2.3888589352521286e-07
59,389,D,A,1,1,2.3888589352521286e-07
58,388,N,T,1,1,2.3888589352521286e-07
178,508,Y,D,1,1,2.3888589352521286e-07
5,335,L,M,1,1,2.3888589352521286e-07
58,388,N,K,1,1,2.3888589352521286e-07
6,336,C,P,1,1,2.3888589352521286e-07
6,336,C,S,1,1,2.3888589352521286e-07
178,508,Y,N,1,1,2.3888589352521286e-07
178,508,Y,S,1,1,2.3888589352521286e-07
57,387,L,S,1,1,2.3888589352521286e-07
56,386,K,Q,1,1,2.3888589352521286e-07
8,338,F,P,1,1,2.3888589352521286e-07
12,342,F,Y,1,1,2.3888589352521286e-07
9,339,G,L,1,1,2.3888589352521286e-07
185,515,F,S,1,1,2.3888589352521286e-07
20,350,V,G,1,1,2.3888589352521286e-07
46,376,T,P,1,1,2.3888589352521286e-07
31,361,C,F,1,1,2.3888589352521286e-07
190,520,A,G,1,1,2.3888589352521286e-07
195,525,C,R,1,1,2.3888589352521286e-07
33,363,A,D,1,1,2.3888589352521286e-07
31,361,C,Y,1,1,2.3888589352521286e-07
17,347,F,V,1,1,2.3888589352521286e-07
194,524,V,L,1,1,2.3888589352521286e-07
17,347,F,Y,1,1,2.3888589352521286e-07
31,361,C,S,1,1,2.3888589352521286e-07
31,361,C,R,1,1,2.3888589352521286e-07
191,521,P,A,1,1,2.3888589352521286e-07
191,521,P,H,1,1,2.3888589352521286e-07
31,361,C,G,1,1,2.3888589352521286e-07
30,360,N,L,1,1,2.3888589352521286e-07
33,363,A,F,1,1,2.3888589352521286e-07
29,359,S,C,1,1,2.3888589352521286e-07
28,358,I,A,1,1,2.3888589352521286e-07
194,524,V,F,1,1,2.3888589352521286e-07
192,522,A,H,1,1,2.3888589352521286e-07
26,356,K,W,1,1,2.3888589352521286e-07
18,348,A,Q,1,1,2.3888589352521286e-07
25,355,R,T,1,1,2.3888589352521286e-07
19,349,S,T,1,1,2.3888589352521286e-07
19,349,S,Y,1,1,2.3888589352521286e-07
21,351,Y,S,1,1,2.3888589352521286e-07
20,350,V,F,1,1,2.3888589352521286e-07
21,351,Y,N,1,1,2.3888589352521286e-07
61,391,C,R,1,1,2.3888589352521286e-07
33,363,A,P,1,1,2.3888589352521286e-07
13,343,N,D,1,1,2.3888589352521286e-07
197,527,P,N,1,1,2.3888589352521286e-07
186,516,E,D,1,1,2.3888589352521286e-07
13,343,N,K,1,1,2.3888589352521286e-07
44,374,F,C,1,1,2.3888589352521286e-07
44,374,F,A,1,1,2.3888589352521286e-07
43,373,S,T,1,1,2.3888589352521286e-07
40,370,N,Y,1,1,2.3888589352521286e-07
13,343,N,S,1,1,2.3888589352521286e-07
39,369,Y,D,1,1,2.3888589352521286e-07
14,344,A,P,1,1,2.3888589352521286e-07
38,368,L,R,1,1,2.3888589352521286e-07
187,517,L,R,1,1,2.3888589352521286e-07
37,367,V,Y,1,1,2.3888589352521286e-07
188,518,L,S,1,1,2.3888589352521286e-07
33,363,A,Q,1,1,2.3888589352521286e-07
35,365,Y,N,1,1,2.3888589352521286e-07
35,365,Y,F,1,1,2.3888589352521286e-07
197,527,P,A,1,1,2.3888589352521286e-07
35,365,Y,D,1,1,2.3888589352521286e-07
196,526,G,V,1,1,2.3888589352521286e-07
15,345,T,N,1,1,2.3888589352521286e-07
17,347,F,C,1,1,2.3888589352521286e-07
196,526,G,K,1,1,2.3888589352521286e-07
34,364,D,E,1,1,2.3888589352521286e-07
17,347,F,I,1,1,2.3888589352521286e-07
195,525,C,W,1,1,2.3888589352521286e-07
195,525,C,V,1,1,2.3888589352521286e-07
45,375,S,C,1,1,2.3888589352521286e-07
146,476,G,Y,1,1,2.3888589352521286e-07
62,392,F,I,1,1,2.3888589352521286e-07
161,491,P,A,1,1,2.3888589352521286e-07
114,444,K,D,1,1,2.3888589352521286e-07
114,444,K,Q,1,1,2.3888589352521286e-07
115,445,V,C,1,1,2.3888589352521286e-07
115,445,V,S,1,1,2.3888589352521286e-07
115,445,V,Y,1,1,2.3888589352521286e-07
116,446,G,F,1,1,2.3888589352521286e-07
117,447,G,R,1,1,2.3888589352521286e-07
120,450,N,H,1,1,2.3888589352521286e-07
121,451,Y,C,1,1,2.3888589352521286e-07
154,484,E,S,1,1,2.3888589352521286e-07
121,451,Y,F,1,1,2.3888589352521286e-07
121,451,Y,N,1,1,2.3888589352521286e-07
122,452,L,F,1,1,2.3888589352521286e-07
122,452,L,H,1,1,2.3888589352521286e-07
153,483,V,T,1,1,2.3888589352521286e-07
113,443,S,V,1,1,2.3888589352521286e-07
113,443,S,T,1,1,2.3888589352521286e-07
157,487,N,H,1,1,2.3888589352521286e-07
159,489,Y,F,1,1,2.3888589352521286e-07
110,440,N,R,1,1,2.3888589352521286e-07
111,441,L,E,1,1,2.3888589352521286e-07
160,490,F,C,1,1,2.3888589352521286e-07
160,490,F,A,1,1,2.3888589352521286e-07
159,489,Y,N,1,1,2.3888589352521286e-07
111,441,L,N,1,1,2.3888589352521286e-07
111,441,L,S,1,1,2.3888589352521286e-07
112,442,D,N,1,1,2.3888589352521286e-07
158,488,C,W,1,1,2.3888589352521286e-07
158,488,C,R,1,1,2.3888589352521286e-07
158,488,C,G,1,1,2.3888589352521286e-07
112,442,D,H,1,1,2.3888589352521286e-07
157,487,N,S,1,1,2.3888589352521286e-07
112,442,D,L,1,1,2.3888589352521286e-07
123,453,Y,D,1,1,2.3888589352521286e-07
124,454,R,G,1,1,2.3888589352521286e-07
124,454,R,S,1,1,2.3888589352521286e-07
148,478,T,N,1,1,2.3888589352521286e-07
137,467,D,V,1,1,2.3888589352521286e-07
149,479,P,N,1,1,2.3888589352521286e-07
137,467,D,Y,1,1,2.3888589352521286e-07
138,468,I,S,1,1,2.3888589352521286e-07
139,469,S,P,1,1,2.3888589352521286e-07
139,469,S,Q,1,1,2.3888589352521286e-07
142,472,I,N,1,1,2.3888589352521286e-07
137,467,D,K,1,1,2.3888589352521286e-07
142,472,I,S,1,1,2.3888589352521286e-07
148,478,T,E,1,1,2.3888589352521286e-07
143,473,Y,C,1,1,2.3888589352521286e-07
144,474,Q,L,1,1,2.3888589352521286e-07
144,474,Q,P,1,1,2.3888589352521286e-07
146,476,G,F,1,1,2.3888589352521286e-07
137,467,D,N,1,1,2.3888589352521286e-07
137,467,D,H,1,1,2.3888589352521286e-07
124,454,R,T,1,1,2.3888589352521286e-07
131,461,L,H,1,1,2.3888589352521286e-07
126,456,F,C,1,1,2.3888589352521286e-07
126,456,F,I,1,1,2.3888589352521286e-07
126,456,F,S,1,1,2.3888589352521286e-07
152,482,G,F,1,1,2.3888589352521286e-07
127,457,R,G,1,1,2.3888589352521286e-07
152,482,G,A,1,1,2.3888589352521286e-07
131,461,L,V,1,1,2.3888589352521286e-07
150,480,C,G,1,1,2.3888589352521286e-07
135,465,E,K,1,1,2.3888589352521286e-07
135,465,E,Q,1,1,2.3888589352521286e-07
135,465,E,Y,1,1,2.3888589352521286e-07
150,480,C,W,1,1,2.3888589352521286e-07
136,466,R,P,1,1,2.3888589352521286e-07
137,467,D,G,1,1,2.3888589352521286e-07
160,490,F,N,1,1,2.3888589352521286e-07
161,491,P,H,1,1,2.3888589352521286e-07
63,393,T,L,1,1,2.3888589352521286e-07
161,491,P,R,1,1,2.3888589352521286e-07
76,406,E,A,1,1,2.3888589352521286e-07
172,502,G,T,1,1,2.3888589352521286e-07
76,406,E,K,1,1,2.3888589352521286e-07
172,502,G,Q,1,1,2.3888589352521286e-07
76,406,E,V,1,1,2.3888589352521286e-07
172,502,G,L,1,1,2.3888589352521286e-07
79,409,Q,R,1,1,2.3888589352521286e-07
80,410,I,G,1,1,2.3888589352521286e-07
172,502,G,A,1,1,2.3888589352521286e-07
80,410,I,M,1,1,2.3888589352521286e-07
80,410,I,N,1,1,2.3888589352521286e-07
81,411,A,D,1,1,2.3888589352521286e-07
81,411,A,F,1,1,2.3888589352521286e-07
81,411,A,H,1,1,2.3888589352521286e-07
82,412,P,A,1,1,2.3888589352521286e-07
172,502,G,W,1,1,2.3888589352521286e-07
172,502,G,Y,1,1,2.3888589352521286e-07
75,405,D,C,1,1,2.3888589352521286e-07
69,399,S,T,1,1,2.3888589352521286e-07
63,393,T,P,1,1,2.3888589352521286e-07
174,504,G,R,1,1,2.3888589352521286e-07
68,398,D,G,1,1,2.3888589352521286e-07
174,504,G,K,1,1,2.3888589352521286e-07
174,504,G,H,1,1,2.3888589352521286e-07
68,398,D,Y,1,1,2.3888589352521286e-07
70,400,F,S,1,1,2.3888589352521286e-07
74,404,G,H,1,1,2.3888589352521286e-07
70,400,F,Y,1,1,2.3888589352521286e-07
72,402,I,F,1,1,2.3888589352521286e-07
72,402,I,S,1,1,2.3888589352521286e-07
73,403,R,P,1,1,2.3888589352521286e-07
173,503,V,E,1,1,2.3888589352521286e-07
146,476,G,R,1,1,2.3888589352521286e-07
171,501,N,D,1,1,2.3888589352521286e-07
171,501,N,C,1,1,2.3888589352521286e-07
82,412,P,S,1,1,2.3888589352521286e-07
164,494,S,Q,1,1,2.3888589352521286e-07
97,427,D,C,1,1,2.3888589352521286e-07
165,495,Y,M,1,1,2.3888589352521286e-07
98,428,D,R,1,1,2.3888589352521286e-07
100,430,T,M,1,1,2.3888589352521286e-07
101,431,G,C,1,1,2.3888589352521286e-07
101,431,G,D,1,1,2.3888589352521286e-07
103,433,V,G,1,1,2.3888589352521286e-07
96,426,P,C,1,1,2.3888589352521286e-07
104,434,I,K,1,1,2.3888589352521286e-07
105,435,A,P,1,1,2.3888589352521286e-07
162,492,L,V,1,1,2.3888589352521286e-07
108,438,S,C,1,1,2.3888589352521286e-07
162,492,L,I,1,1,2.3888589352521286e-07
108,438,S,P,1,1,2.3888589352521286e-07
166,496,G,A,1,1,2.3888589352521286e-07
96,426,P,A,1,1,2.3888589352521286e-07
84,414,Q,P,1,1,2.3888589352521286e-07
168,498,Q,P,1,1,2.3888589352521286e-07
86,416,G,E,1,1,2.3888589352521286e-07
87,417,K,S,1,1,2.3888589352521286e-07
88,418,I,N,1,1,2.3888589352521286e-07
89,419,A,G,1,1,2.3888589352521286e-07
89,419,A,P,1,1,2.3888589352521286e-07
169,499,P,A,1,1,2.3888589352521286e-07
92,422,N,S,1,1,2.3888589352521286e-07
166,496,G,H,1,1,2.3888589352521286e-07
167,497,F,Y,1,1,2.3888589352521286e-07
93,423,Y,C,1,1,2.3888589352521286e-07
167,497,F,L,1,1,2.3888589352521286e-07
166,496,G,W,1,1,2.3888589352521286e-07
94,424,K,R,1,1,2.3888589352521286e-07
95,425,L,F,1,1,2.3888589352521286e-07
201,531,T,V,1,1,2.3888589352521286e-07
